,t_n,company_type,area_m2,wells,wellpad_vintage_year,flares_n_acc,flares_power,flares_power_acc,n_completions,t_comp_diff,t_spud_diff,is_flaring,flaring_gap,temporal_group_1.0,temporal_group_2.0,temporal_group_3.0,temporal_group_4.0,temporal_group_5.0,temporal_group_6.0,temporal_group_7.0,temporal_group_8.0,temporal_group_9.0,temporal_group_10.0,temporal_group_11.0,temporal_group_12.0,temporal_group_13.0,temporal_group_14.0,temporal_group_15.0,temporal_group_16.0,temporal_group_17.0,temporal_group_18.0,temporal_group_19.0,temporal_group_20.0,temporal_group_21.0,temporal_group_22.0,temporal_group_23.0,temporal_group_24.0,temporal_group_25.0,temporal_group_9999.0
0,1,0,35732.246,1,2017,0,0.0,0.0,0,9999.0,9999.0,0,0.0,0,0,0,0,0,0,0,0,0,0,0,0,0,0,0,0,0,0,0,0,0,0,0,0,0,1
1,2,0,35732.246,1,2017,0,0.0,0.0,0,9999.0,9999.0,0,0.0,0,0,0,0,0,0,0,0,0,0,0,0,0,0,0,0,0,0,0,0,0,0,0,0,0,1
2,3,0,35732.246,1,2017,0,0.0,0.0,0,9999.0,9999.0,0,0.0,0,0,0,0,0,0,0,0,0,0,0,0,0,0,0,0,0,0,0,0,0,0,0,0,0,1
3,4,0,35732.246,1,2017,0,0.0,0.0,0,9999.0,9999.0,0,0.0,0,0,0,0,0,0,0,0,0,0,0,0,0,0,0,0,0,0,0,0,0,0,0,0,0,1
4,5,0,35732.246,1,2017,0,0.0,0.0,0,9999.0,9999.0,0,0.0,0,0,0,0,0,0,0,0,0,0,0,0,0,0,0,0,0,0,0,0,0,0,0,0,0,1
5,6,0,35732.246,1,2017,0,0.0,0.0,0,9999.0,9999.0,0,0.0,0,0,0,0,0,0,0,0,0,0,0,0,0,0,0,0,0,0,0,0,0,0,0,0,0,1
6,7,0,35732.246,1,2017,0,0.0,0.0,0,9999.0,9999.0,0,0.0,0,0,0,0,0,0,0,0,0,0,0,0,0,0,0,0,0,0,0,0,0,0,0,0,0,1
7,8,0,35732.246,1,2017,0,0.0,0.0,0,9999.0,9999.0,0,0.0,0,0,0,0,0,0,0,0,0,0,0,0,0,0,0,0,0,0,0,0,0,0,0,0,0,1
8,9,0,35732.246,1,2017,0,0.0,0.0,0,9999.0,9999.0,0,0.0,0,0,0,0,0,0,0,0,0,0,0,0,0,0,0,0,0,0,0,0,0,0,0,0,0,1
9,10,0,35732.246,1,2017,0,0.0,0.0,0,9999.0,9999.0,0,0.0,0,0,0,0,0,0,0,0,0,0,0,0,0,0,0,0,0,0,0,0,0,0,0,0,0,1
10,11,0,35732.246,1,2017,0,0.0,0.0,0,9999.0,9999.0,0,0.0,0,0,0,0,0,0,0,0,0,0,0,0,0,0,0,0,0,0,0,0,0,0,0,0,0,1
11,12,0,35732.246,1,2017,0,0.0,0.0,0,9999.0,9999.0,0,0.0,0,0,0,0,0,0,0,0,0,0,0,0,0,0,0,0,0,0,0,0,0,0,0,0,0,1
12,13,0,35732.246,1,2017,0,0.0,0.0,0,9999.0,9999.0,0,0.0,0,0,0,0,0,0,0,0,0,0,0,0,0,0,0,0,0,0,0,0,0,0,0,0,0,1
13,14,0,35732.246,1,2017,0,0.0,0.0,0,9999.0,9999.0,0,0.0,0,0,0,0,0,0,0,0,0,0,0,0,0,0,0,0,0,0,0,0,0,0,0,0,0,1
14,15,0,35732.246,1,2017,0,0.0,0.0,0,9999.0,9999.0,0,0.0,0,0,0,0,0,0,0,0,0,0,0,0,0,0,0,0,0,0,0,0,0,0,0,0,0,1
15,16,0,35732.246,1,2017,0,0.0,0.0,0,9999.0,9999.0,0,0.0,0,0,0,0,0,0,0,0,0,0,0,0,0,0,0,0,0,0,0,0,0,0,0,0,0,1
16,17,0,35732.246,1,2017,0,0.0,0.0,0,9999.0,9999.0,0,0.0,0,0,0,0,0,0,0,0,0,0,0,0,0,0,0,0,0,0,0,0,0,0,0,0,0,1
17,18,0,35732.246,1,2017,0,0.0,0.0,0,9999.0,9999.0,0,0.0,0,0,0,0,0,0,0,0,0,0,0,0,0,0,0,0,0,0,0,0,0,0,0,0,0,1
18,19,0,35732.246,1,2017,0,0.0,0.0,0,9999.0,9999.0,0,0.0,0,0,0,0,0,0,0,0,0,0,0,0,0,0,0,0,0,0,0,0,0,0,0,0,0,1
19,20,0,35732.246,1,2017,0,0.0,0.0,0,9999.0,9999.0,0,0.0,0,0,0,0,0,0,0,0,0,0,0,0,0,0,0,0,0,0,0,0,0,0,0,0,0,1
20,21,0,35732.246,1,2017,0,0.0,0.0,0,9999.0,9999.0,0,0.0,0,0,0,0,0,0,0,0,0,0,0,0,0,0,0,0,0,0,0,0,0,0,0,0,0,1
21,22,0,35732.246,1,2017,0,0.0,0.0,0,9999.0,9999.0,0,0.0,0,0,0,0,0,0,0,0,0,0,0,0,0,0,0,0,0,0,0,0,0,0,0,0,0,1
22,23,0,35732.246,1,2017,0,0.0,0.0,0,9999.0,9999.0,0,0.0,0,0,0,0,0,0,0,0,0,0,0,0,0,0,0,0,0,0,0,0,0,0,0,0,0,1
23,24,0,35732.246,1,2017,0,0.0,0.0,0,9999.0,9999.0,0,0.0,0,0,0,0,0,0,0,0,0,0,0,0,0,0,0,0,0,0,0,0,0,0,0,0,0,1
24,25,0,35732.246,1,2017,0,0.0,0.0,0,9999.0,9999.0,0,0.0,0,0,0,0,0,0,0,0,0,0,0,0,0,0,0,0,0,0,0,0,0,0,0,0,0,1
25,26,0,35732.246,1,2017,0,0.0,0.0,0,9999.0,9999.0,0,0.0,0,0,0,0,0,0,0,0,0,0,0,0,0,0,0,0,0,0,0,0,0,0,0,0,0,1
26,27,0,35732.246,1,2017,0,0.0,0.0,0,9999.0,9999.0,0,0.0,0,0,0,0,0,0,0,0,0,0,0,0,0,0,0,0,0,0,0,0,0,0,0,0,0,1
27,28,0,35732.246,1,2017,0,0.0,0.0,0,9999.0,9999.0,0,0.0,0,0,0,0,0,0,0,0,0,0,0,0,0,0,0,0,0,0,0,0,0,0,0,0,0,1
28,29,0,35732.246,1,2017,0,0.0,0.0,0,9999.0,9999.0,0,0.0,0,0,0,0,0,0,0,0,0,0,0,0,0,0,0,0,0,0,0,0,0,0,0,0,0,1
29,30,0,35732.246,1,2017,0,0.0,0.0,0,9999.0,9999.0,0,0.0,0,0,0,0,0,0,0,0,0,0,0,0,0,0,0,0,0,0,0,0,0,0,0,0,0,1
30,31,0,35732.246,1,2017,0,0.0,0.0,0,9999.0,9999.0,0,0.0,0,0,0,0,0,0,0,0,0,0,0,0,0,0,0,0,0,0,0,0,0,0,0,0,0,1
31,32,0,35732.246,1,2017,0,0.0,0.0,0,9999.0,9999.0,0,0.0,0,0,0,0,0,0,0,0,0,0,0,0,0,0,0,0,0,0,0,0,0,0,0,0,0,1
32,33,0,35732.246,1,2017,0,0.0,0.0,0,9999.0,9999.0,0,0.0,0,0,0,0,0,0,0,0,0,0,0,0,0,0,0,0,0,0,0,0,0,0,0,0,0,1
33,34,0,35732.246,1,2017,0,0.0,0.0,0,9999.0,9999.0,0,0.0,0,0,0,0,0,0,0,0,0,0,0,0,0,0,0,0,0,0,0,0,0,0,0,0,0,1
34,35,0,35732.246,1,2017,0,0.0,0.0,0,9999.0,9999.0,0,0.0,0,0,0,0,0,0,0,0,0,0,0,0,0,0,0,0,0,0,0,0,0,0,0,0,0,1
35,36,0,35732.246,1,2017,0,0.0,0.0,0,9999.0,9999.0,0,0.0,0,0,0,0,0,0,0,0,0,0,0,0,0,0,0,0,0,0,0,0,0,0,0,0,0,1
36,37,0,35732.246,1,2017,0,0.0,0.0,0,9999.0,9999.0,0,0.0,0,0,0,0,0,0,0,0,0,0,0,0,0,0,0,0,0,0,0,0,0,0,0,0,0,1
37,38,0,35732.246,1,2017,0,0.0,0.0,0,9999.0,9999.0,0,0.0,0,0,0,0,0,0,0,0,0,0,0,0,0,0,0,0,0,0,0,0,0,0,0,0,0,1
38,39,0,35732.246,1,2017,0,0.0,0.0,0,9999.0,9999.0,0,0.0,0,0,0,0,0,0,0,0,0,0,0,0,0,0,0,0,0,0,0,0,0,0,0,0,0,1
39,40,0,35732.246,1,2017,0,0.0,0.0,0,9999.0,9999.0,0,0.0,0,0,0,0,0,0,0,0,0,0,0,0,0,0,0,0,0,0,0,0,0,0,0,0,0,1
40,41,0,35732.246,1,2017,0,0.0,0.0,0,9999.0,9999.0,0,0.0,0,0,0,0,0,0,0,0,0,0,0,0,0,0,0,0,0,0,0,0,0,0,0,0,0,1
41,42,0,35732.246,1,2017,0,0.0,0.0,0,9999.0,9999.0,0,0.0,0,0,0,0,0,0,0,0,0,0,0,0,0,0,0,0,0,0,0,0,0,0,0,0,0,1
42,43,0,35732.246,1,2017,0,0.0,0.0,0,9999.0,9999.0,0,0.0,0,0,0,0,0,0,0,0,0,0,0,0,0,0,0,0,0,0,0,0,0,0,0,0,0,1
43,44,0,35732.246,1,2017,0,0.0,0.0,0,9999.0,9999.0,0,0.0,0,0,0,0,0,0,0,0,0,0,0,0,0,0,0,0,0,0,0,0,0,0,0,0,0,1
44,45,0,35732.246,1,2017,0,0.0,0.0,0,9999.0,9999.0,0,0.0,0,0,0,0,0,0,0,0,0,0,0,0,0,0,0,0,0,0,0,0,0,0,0,0,0,1
45,46,0,35732.246,1,2017,0,0.0,0.0,0,9999.0,9999.0,0,0.0,0,0,0,0,0,0,0,0,0,0,0,0,0,0,0,0,0,0,0,0,0,0,0,0,0,1
46,47,0,35732.246,1,2017,0,0.0,0.0,0,9999.0,9999.0,0,0.0,0,0,0,0,0,0,0,0,0,0,0,0,0,0,0,0,0,0,0,0,0,0,0,0,0,1
47,48,0,35732.246,1,2017,0,0.0,0.0,0,9999.0,9999.0,0,0.0,0,0,0,0,0,0,0,0,0,0,0,0,0,0,0,0,0,0,0,0,0,0,0,0,0,1
48,49,0,35732.246,1,2017,0,0.0,0.0,0,9999.0,9999.0,0,0.0,0,0,0,0,0,0,0,0,0,0,0,0,0,0,0,0,0,0,0,0,0,0,0,0,0,1
49,50,0,35732.246,1,2017,0,0.0,0.0,0,9999.0,9999.0,0,0.0,0,0,0,0,0,0,0,0,0,0,0,0,0,0,0,0,0,0,0,0,0,0,0,0,0,1
50,51,0,35732.246,1,2017,0,0.0,0.0,0,9999.0,9999.0,0,0.0,0,0,0,0,0,0,0,0,0,0,0,0,0,0,0,0,0,0,0,0,0,0,0,0,0,1
51,52,0,35732.246,1,2017,0,0.0,0.0,0,9999.0,9999.0,0,0.0,0,0,0,0,0,0,0,0,0,0,0,0,0,0,0,0,0,0,0,0,0,0,0,0,0,1
52,53,0,35732.246,1,2017,0,0.0,0.0,0,9999.0,9999.0,0,0.0,0,0,0,0,0,0,0,0,0,0,0,0,0,0,0,0,0,0,0,0,0,0,0,0,0,1
53,54,0,35732.246,1,2017,0,0.0,0.0,0,9999.0,9999.0,0,0.0,0,0,0,0,0,0,0,0,0,0,0,0,0,0,0,0,0,0,0,0,0,0,0,0,0,1
54,55,0,35732.246,1,2017,0,0.0,0.0,0,9999.0,9999.0,0,0.0,0,0,0,0,0,0,0,0,0,0,0,0,0,0,0,0,0,0,0,0,0,0,0,0,0,1
55,56,0,35732.246,1,2017,0,0.0,0.0,0,9999.0,9999.0,0,0.0,0,0,0,0,0,0,0,0,0,0,0,0,0,0,0,0,0,0,0,0,0,0,0,0,0,1
56,57,0,35732.246,1,2017,0,0.0,0.0,0,9999.0,9999.0,0,0.0,0,0,0,0,0,0,0,0,0,0,0,0,0,0,0,0,0,0,0,0,0,0,0,0,0,1
57,58,0,35732.246,1,2017,0,0.0,0.0,0,9999.0,9999.0,0,0.0,0,0,0,0,0,0,0,0,0,0,0,0,0,0,0,0,0,0,0,0,0,0,0,0,0,1
58,59,0,35732.246,1,2017,0,0.0,0.0,0,9999.0,9999.0,0,0.0,0,0,0,0,0,0,0,0,0,0,0,0,0,0,0,0,0,0,0,0,0,0,0,0,0,1
59,60,0,35732.246,1,2017,0,0.0,0.0,0,9999.0,9999.0,0,0.0,0,0,0,0,0,0,0,0,0,0,0,0,0,0,0,0,0,0,0,0,0,0,0,0,0,1
60,61,0,35732.246,1,2017,0,0.0,0.0,0,9999.0,9999.0,0,0.0,0,0,0,0,0,0,0,0,0,0,0,0,0,0,0,0,0,0,0,0,0,0,0,0,0,1
61,62,0,35732.246,1,2017,0,0.0,0.0,0,9999.0,9999.0,0,0.0,0,0,0,0,0,0,0,0,0,0,0,0,0,0,0,0,0,0,0,0,0,0,0,0,0,1
62,63,0,35732.246,1,2017,0,0.0,0.0,0,9999.0,9999.0,0,0.0,0,0,0,0,0,0,0,0,0,0,0,0,0,0,0,0,0,0,0,0,0,0,0,0,0,1
63,64,0,35732.246,1,2017,0,0.0,0.0,0,9999.0,9999.0,0,0.0,0,0,0,0,0,0,0,0,0,0,0,0,0,0,0,0,0,0,0,0,0,0,0,0,0,1
64,65,0,35732.246,1,2017,0,0.0,0.0,0,9999.0,9999.0,0,0.0,0,0,0,0,0,0,0,0,0,0,0,0,0,0,0,0,0,0,0,0,0,0,0,0,0,1
65,66,0,35732.246,1,2017,0,0.0,0.0,0,9999.0,9999.0,0,0.0,0,0,0,0,0,0,0,0,0,0,0,0,0,0,0,0,0,0,0,0,0,0,0,0,0,1
66,67,0,35732.246,1,2017,0,0.0,0.0,0,9999.0,9999.0,0,0.0,0,0,0,0,0,0,0,0,0,0,0,0,0,0,0,0,0,0,0,0,0,0,0,0,0,1
67,68,0,35732.246,1,2017,0,0.0,0.0,0,9999.0,9999.0,0,0.0,0,0,0,0,0,0,0,0,0,0,0,0,0,0,0,0,0,0,0,0,0,0,0,0,0,1
68,69,0,35732.246,1,2017,0,0.0,0.0,0,9999.0,9999.0,0,0.0,0,0,0,0,0,0,0,0,0,0,0,0,0,0,0,0,0,0,0,0,0,0,0,0,0,1
69,70,0,35732.246,1,2017,0,0.0,0.0,0,9999.0,9999.0,0,0.0,0,0,0,0,0,0,0,0,0,0,0,0,0,0,0,0,0,0,0,0,0,0,0,0,0,1
70,71,0,35732.246,1,2017,0,0.0,0.0,0,9999.0,9999.0,0,0.0,0,0,0,0,0,0,0,0,0,0,0,0,0,0,0,0,0,0,0,0,0,0,0,0,0,1
71,72,0,35732.246,1,2017,0,0.0,0.0,0,9999.0,9999.0,0,0.0,0,0,0,0,0,0,0,0,0,0,0,0,0,0,0,0,0,0,0,0,0,0,0,0,0,1
72,73,0,35732.246,1,2017,0,0.0,0.0,0,9999.0,9999.0,0,0.0,0,0,0,0,0,0,0,0,0,0,0,0,0,0,0,0,0,0,0,0,0,0,0,0,0,1
73,74,0,35732.246,1,2017,0,0.0,0.0,0,9999.0,9999.0,0,0.0,0,0,0,0,0,0,0,0,0,0,0,0,0,0,0,0,0,0,0,0,0,0,0,0,0,1
74,75,0,35732.246,1,2017,0,0.0,0.0,0,9999.0,9999.0,0,0.0,0,0,0,0,0,0,0,0,0,0,0,0,0,0,0,0,0,0,0,0,0,0,0,0,0,1
75,76,0,35732.246,1,2017,0,0.0,0.0,0,9999.0,9999.0,0,0.0,0,0,0,0,0,0,0,0,0,0,0,0,0,0,0,0,0,0,0,0,0,0,0,0,0,1
76,77,0,35732.246,1,2017,0,0.0,0.0,0,9999.0,9999.0,0,0.0,0,0,0,0,0,0,0,0,0,0,0,0,0,0,0,0,0,0,0,0,0,0,0,0,0,1
77,78,0,35732.246,1,2017,0,0.0,0.0,0,9999.0,9999.0,0,0.0,0,0,0,0,0,0,0,0,0,0,0,0,0,0,0,0,0,0,0,0,0,0,0,0,0,1
78,79,0,35732.246,1,2017,0,0.0,0.0,0,9999.0,9999.0,0,0.0,0,0,0,0,0,0,0,0,0,0,0,0,0,0,0,0,0,0,0,0,0,0,0,0,0,1
79,80,0,35732.246,1,2017,0,0.0,0.0,0,9999.0,9999.0,0,0.0,0,0,0,0,0,0,0,0,0,0,0,0,0,0,0,0,0,0,0,0,0,0,0,0,0,1
80,81,0,35732.246,1,2017,0,0.0,0.0,0,9999.0,9999.0,0,0.0,0,0,0,0,0,0,0,0,0,0,0,0,0,0,0,0,0,0,0,0,0,0,0,0,0,1
81,82,0,35732.246,1,2017,0,0.0,0.0,0,9999.0,9999.0,0,0.0,0,0,0,0,0,0,0,0,0,0,0,0,0,0,0,0,0,0,0,0,0,0,0,0,0,1
82,83,0,35732.246,1,2017,0,0.0,0.0,0,9999.0,9999.0,0,0.0,0,0,0,0,0,0,0,0,0,0,0,0,0,0,0,0,0,0,0,0,0,0,0,0,0,1
83,84,0,35732.246,1,2017,0,0.0,0.0,0,9999.0,9999.0,0,0.0,0,0,0,0,0,0,0,0,0,0,0,0,0,0,0,0,0,0,0,0,0,0,0,0,0,1
84,85,0,35732.246,1,2017,0,0.0,0.0,0,9999.0,9999.0,0,0.0,0,0,0,0,0,0,0,0,0,0,0,0,0,0,0,0,0,0,0,0,0,0,0,0,0,1
85,86,0,35732.246,1,2017,0,0.0,0.0,0,9999.0,9999.0,0,0.0,0,0,0,0,0,0,0,0,0,0,0,0,0,0,0,0,0,0,0,0,0,0,0,0,0,1
86,87,0,35732.246,1,2017,0,0.0,0.0,0,9999.0,9999.0,0,0.0,0,0,0,0,0,0,0,0,0,0,0,0,0,0,0,0,0,0,0,0,0,0,0,0,0,1
87,88,0,35732.246,1,2017,0,0.0,0.0,0,9999.0,9999.0,0,0.0,0,0,0,0,0,0,0,0,0,0,0,0,0,0,0,0,0,0,0,0,0,0,0,0,0,1
88,89,0,35732.246,1,2017,0,0.0,0.0,0,9999.0,9999.0,0,0.0,0,0,0,0,0,0,0,0,0,0,0,0,0,0,0,0,0,0,0,0,0,0,0,0,0,1
89,90,0,35732.246,1,2017,0,0.0,0.0,0,9999.0,9999.0,0,0.0,0,0,0,0,0,0,0,0,0,0,0,0,0,0,0,0,0,0,0,0,0,0,0,0,0,1
90,91,0,35732.246,1,2017,0,0.0,0.0,0,9999.0,9999.0,0,0.0,0,0,0,0,0,0,0,0,0,0,0,0,0,0,0,0,0,0,0,0,0,0,0,0,0,1
91,92,0,35732.246,1,2017,0,0.0,0.0,0,9999.0,9999.0,0,0.0,0,0,0,0,0,0,0,0,0,0,0,0,0,0,0,0,0,0,0,0,0,0,0,0,0,1
92,93,0,35732.246,1,2017,0,0.0,0.0,0,9999.0,9999.0,0,0.0,0,0,0,0,0,0,0,0,0,0,0,0,0,0,0,0,0,0,0,0,0,0,0,0,0,1
93,94,0,35732.246,1,2017,0,0.0,0.0,0,9999.0,9999.0,0,0.0,0,0,0,0,0,0,0,0,0,0,0,0,0,0,0,0,0,0,0,0,0,0,0,0,0,1
94,95,0,35732.246,1,2017,0,0.0,0.0,0,9999.0,9999.0,0,0.0,0,0,0,0,0,0,0,0,0,0,0,0,0,0,0,0,0,0,0,0,0,0,0,0,0,1
95,96,0,35732.246,1,2017,0,0.0,0.0,0,9999.0,9999.0,0,0.0,0,0,0,0,0,0,0,0,0,0,0,0,0,0,0,0,0,0,0,0,0,0,0,0,0,1
96,97,0,35732.246,1,2017,0,0.0,0.0,0,9999.0,9999.0,0,0.0,0,0,0,0,0,0,0,0,0,0,0,0,0,0,0,0,0,0,0,0,0,0,0,0,0,1
97,98,0,35732.246,1,2017,0,0.0,0.0,0,9999.0,9999.0,0,0.0,0,0,0,0,0,0,0,0,0,0,0,0,0,0,0,0,0,0,0,0,0,0,0,0,0,1
98,99,0,35732.246,1,2017,0,0.0,0.0,0,9999.0,9999.0,0,0.0,0,0,0,0,0,0,0,0,0,0,0,0,0,0,0,0,0,0,0,0,0,0,0,0,0,1
99,100,0,35732.246,1,2017,0,0.0,0.0,0,9999.0,9999.0,0,0.0,0,0,0,0,0,0,0,0,0,0,0,0,0,0,0,0,0,0,0,0,0,0,0,0,0,1
100,101,0,35732.246,1,2017,0,0.0,0.0,0,9999.0,9999.0,0,0.0,0,0,0,0,0,0,0,0,0,0,0,0,0,0,0,0,0,0,0,0,0,0,0,0,0,1
101,102,0,35732.246,1,2017,0,0.0,0.0,0,9999.0,9999.0,0,0.0,0,0,0,0,0,0,0,0,0,0,0,0,0,0,0,0,0,0,0,0,0,0,0,0,0,1
102,103,0,35732.246,1,2017,0,0.0,0.0,0,9999.0,9999.0,0,0.0,0,0,0,0,0,0,0,0,0,0,0,0,0,0,0,0,0,0,0,0,0,0,0,0,0,1
103,104,0,35732.246,1,2017,0,0.0,0.0,0,9999.0,9999.0,0,0.0,0,0,0,0,0,0,0,0,0,0,0,0,0,0,0,0,0,0,0,0,0,0,0,0,0,1
104,105,0,35732.246,1,2017,0,0.0,0.0,0,9999.0,9999.0,0,0.0,0,0,0,0,0,0,0,0,0,0,0,0,0,0,0,0,0,0,0,0,0,0,0,0,0,1
105,106,0,35732.246,1,2017,0,0.0,0.0,0,9999.0,9999.0,0,0.0,0,0,0,0,0,0,0,0,0,0,0,0,0,0,0,0,0,0,0,0,0,0,0,0,0,1
106,107,0,35732.246,1,2017,0,0.0,0.0,0,9999.0,9999.0,0,0.0,0,0,0,0,0,0,0,0,0,0,0,0,0,0,0,0,0,0,0,0,0,0,0,0,0,1
107,108,0,35732.246,1,2017,0,0.0,0.0,0,9999.0,9999.0,0,0.0,0,0,0,0,0,0,0,0,0,0,0,0,0,0,0,0,0,0,0,0,0,0,0,0,0,1
108,109,0,35732.246,1,2017,0,0.0,0.0,0,9999.0,9999.0,0,0.0,0,0,0,0,0,0,0,0,0,0,0,0,0,0,0,0,0,0,0,0,0,0,0,0,0,1
109,110,0,35732.246,1,2017,0,0.0,0.0,0,9999.0,9999.0,0,0.0,0,0,0,0,0,0,0,0,0,0,0,0,0,0,0,0,0,0,0,0,0,0,0,0,0,1
110,111,0,35732.246,1,2017,0,0.0,0.0,0,9999.0,9999.0,0,0.0,0,0,0,0,0,0,0,0,0,0,0,0,0,0,0,0,0,0,0,0,0,0,0,0,0,1
111,112,0,35732.246,1,2017,0,0.0,0.0,0,9999.0,9999.0,0,0.0,0,0,0,0,0,0,0,0,0,0,0,0,0,0,0,0,0,0,0,0,0,0,0,0,0,1
112,113,0,35732.246,1,2017,0,0.0,0.0,0,9999.0,9999.0,0,0.0,0,0,0,0,0,0,0,0,0,0,0,0,0,0,0,0,0,0,0,0,0,0,0,0,0,1
113,114,0,35732.246,1,2017,0,0.0,0.0,0,9999.0,9999.0,0,0.0,0,0,0,0,0,0,0,0,0,0,0,0,0,0,0,0,0,0,0,0,0,0,0,0,0,1
114,115,0,35732.246,1,2017,0,0.0,0.0,0,9999.0,9999.0,0,0.0,0,0,0,0,0,0,0,0,0,0,0,0,0,0,0,0,0,0,0,0,0,0,0,0,0,1
115,116,0,35732.246,1,2017,0,0.0,0.0,0,9999.0,9999.0,0,0.0,0,0,0,0,0,0,0,0,0,0,0,0,0,0,0,0,0,0,0,0,0,0,0,0,0,1
116,117,0,35732.246,1,2017,0,0.0,0.0,0,9999.0,9999.0,0,0.0,0,0,0,0,0,0,0,0,0,0,0,0,0,0,0,0,0,0,0,0,0,0,0,0,0,1
117,118,0,35732.246,1,2017,0,0.0,0.0,0,9999.0,9999.0,0,0.0,0,0,0,0,0,0,0,0,0,0,0,0,0,0,0,0,0,0,0,0,0,0,0,0,0,1
118,119,0,35732.246,1,2017,0,0.0,0.0,0,9999.0,9999.0,0,0.0,0,0,0,0,0,0,0,0,0,0,0,0,0,0,0,0,0,0,0,0,0,0,0,0,0,1
119,120,0,35732.246,1,2017,0,0.0,0.0,0,9999.0,9999.0,0,0.0,0,0,0,0,0,0,0,0,0,0,0,0,0,0,0,0,0,0,0,0,0,0,0,0,0,1
120,121,0,35732.246,1,2017,0,0.0,0.0,0,9999.0,9999.0,0,0.0,0,0,0,0,0,0,0,0,0,0,0,0,0,0,0,0,0,0,0,0,0,0,0,0,0,1
121,122,0,35732.246,1,2017,0,0.0,0.0,0,9999.0,9999.0,0,0.0,0,0,0,0,0,0,0,0,0,0,0,0,0,0,0,0,0,0,0,0,0,0,0,0,0,1
122,123,0,35732.246,1,2017,0,0.0,0.0,0,9999.0,9999.0,0,0.0,0,0,0,0,0,0,0,0,0,0,0,0,0,0,0,0,0,0,0,0,0,0,0,0,0,1
123,124,0,35732.246,1,2017,0,0.0,0.0,0,9999.0,9999.0,0,0.0,0,0,0,0,0,0,0,0,0,0,0,0,0,0,0,0,0,0,0,0,0,0,0,0,0,1
124,125,0,35732.246,1,2017,0,0.0,0.0,0,9999.0,9999.0,0,0.0,0,0,0,0,0,0,0,0,0,0,0,0,0,0,0,0,0,0,0,0,0,0,0,0,0,1
125,126,0,35732.246,1,2017,0,0.0,0.0,0,9999.0,9999.0,0,0.0,0,0,0,0,0,0,0,0,0,0,0,0,0,0,0,0,0,0,0,0,0,0,0,0,0,1
126,127,0,35732.246,1,2017,0,0.0,0.0,0,9999.0,9999.0,0,0.0,0,0,0,0,0,0,0,0,0,0,0,0,0,0,0,0,0,0,0,0,0,0,0,0,0,1
127,128,0,35732.246,1,2017,0,0.0,0.0,0,9999.0,9999.0,0,0.0,0,0,0,0,0,0,0,0,0,0,0,0,0,0,0,0,0,0,0,0,0,0,0,0,0,1
128,129,0,35732.246,1,2017,0,0.0,0.0,0,9999.0,9999.0,0,0.0,0,0,0,0,0,0,0,0,0,0,0,0,0,0,0,0,0,0,0,0,0,0,0,0,0,1
129,130,0,35732.246,1,2017,0,0.0,0.0,0,9999.0,9999.0,0,0.0,0,0,0,0,0,0,0,0,0,0,0,0,0,0,0,0,0,0,0,0,0,0,0,0,0,1
130,131,0,35732.246,1,2017,0,0.0,0.0,0,9999.0,9999.0,0,0.0,0,0,0,0,0,0,0,0,0,0,0,0,0,0,0,0,0,0,0,0,0,0,0,0,0,1
131,132,0,35732.246,1,2017,0,0.0,0.0,0,9999.0,9999.0,0,0.0,0,0,0,0,0,0,0,0,0,0,0,0,0,0,0,0,0,0,0,0,0,0,0,0,0,1
132,133,0,35732.246,1,2017,0,0.0,0.0,0,9999.0,9999.0,0,0.0,0,0,0,0,0,0,0,0,0,0,0,0,0,0,0,0,0,0,0,0,0,0,0,0,0,1
133,134,0,35732.246,1,2017,0,0.0,0.0,0,9999.0,9999.0,0,0.0,0,0,0,0,0,0,0,0,0,0,0,0,0,0,0,0,0,0,0,0,0,0,0,0,0,1
134,135,0,35732.246,1,2017,0,0.0,0.0,0,9999.0,9999.0,0,0.0,0,0,0,0,0,0,0,0,0,0,0,0,0,0,0,0,0,0,0,0,0,0,0,0,0,1
135,136,0,35732.246,1,2017,0,0.0,0.0,0,9999.0,9999.0,0,0.0,0,0,0,0,0,0,0,0,0,0,0,0,0,0,0,0,0,0,0,0,0,0,0,0,0,1
136,137,0,35732.246,1,2017,0,0.0,0.0,0,9999.0,9999.0,0,0.0,0,0,0,0,0,0,0,0,0,0,0,0,0,0,0,0,0,0,0,0,0,0,0,0,0,1
137,138,0,35732.246,1,2017,0,0.0,0.0,0,9999.0,9999.0,0,0.0,0,0,0,0,0,0,0,0,0,0,0,0,0,0,0,0,0,0,0,0,0,0,0,0,0,1
138,139,0,35732.246,1,2017,0,0.0,0.0,0,9999.0,9999.0,0,0.0,0,0,0,0,0,0,0,0,0,0,0,0,0,0,0,0,0,0,0,0,0,0,0,0,0,1
139,140,0,35732.246,1,2017,0,0.0,0.0,0,9999.0,9999.0,0,0.0,0,0,0,0,0,0,0,0,0,0,0,0,0,0,0,0,0,0,0,0,0,0,0,0,0,1
140,141,0,35732.246,1,2017,0,0.0,0.0,0,9999.0,9999.0,0,0.0,0,0,0,0,0,0,0,0,0,0,0,0,0,0,0,0,0,0,0,0,0,0,0,0,0,1
141,142,0,35732.246,1,2017,0,0.0,0.0,0,9999.0,9999.0,0,0.0,0,0,0,0,0,0,0,0,0,0,0,0,0,0,0,0,0,0,0,0,0,0,0,0,0,1
142,143,0,35732.246,1,2017,0,0.0,0.0,0,9999.0,9999.0,0,0.0,0,0,0,0,0,0,0,0,0,0,0,0,0,0,0,0,0,0,0,0,0,0,0,0,0,1
143,144,0,35732.246,1,2017,0,0.0,0.0,0,9999.0,9999.0,0,0.0,0,0,0,0,0,0,0,0,0,0,0,0,0,0,0,0,0,0,0,0,0,0,0,0,0,1
144,145,0,35732.246,1,2017,0,0.0,0.0,0,9999.0,9999.0,0,0.0,0,0,0,0,0,0,0,0,0,0,0,0,0,0,0,0,0,0,0,0,0,0,0,0,0,1
145,146,0,35732.246,1,2017,0,0.0,0.0,0,9999.0,9999.0,0,0.0,0,0,0,0,0,0,0,0,0,0,0,0,0,0,0,0,0,0,0,0,0,0,0,0,0,1
146,147,0,35732.246,1,2017,0,0.0,0.0,0,9999.0,9999.0,0,0.0,0,0,0,0,0,0,0,0,0,0,0,0,0,0,0,0,0,0,0,0,0,0,0,0,0,1
147,148,0,35732.246,1,2017,0,0.0,0.0,0,9999.0,9999.0,0,0.0,0,0,0,0,0,0,0,0,0,0,0,0,0,0,0,0,0,0,0,0,0,0,0,0,0,1
148,149,0,35732.246,1,2017,0,0.0,0.0,0,9999.0,9999.0,0,0.0,0,0,0,0,0,0,0,0,0,0,0,0,0,0,0,0,0,0,0,0,0,0,0,0,0,1
149,150,0,35732.246,1,2017,0,0.0,0.0,0,9999.0,9999.0,0,0.0,0,0,0,0,0,0,0,0,0,0,0,0,0,0,0,0,0,0,0,0,0,0,0,0,0,1
150,151,0,35732.246,1,2017,0,0.0,0.0,0,9999.0,9999.0,0,0.0,0,0,0,0,0,0,0,0,0,0,0,0,0,0,0,0,0,0,0,0,0,0,0,0,0,1
151,152,0,35732.246,1,2017,0,0.0,0.0,0,9999.0,9999.0,0,0.0,0,0,0,0,0,0,0,0,0,0,0,0,0,0,0,0,0,0,0,0,0,0,0,0,0,1
152,153,0,35732.246,1,2017,0,0.0,0.0,0,9999.0,9999.0,0,0.0,0,0,0,0,0,0,0,0,0,0,0,0,0,0,0,0,0,0,0,0,0,0,0,0,0,1
153,154,0,35732.246,1,2017,0,0.0,0.0,0,9999.0,9999.0,0,0.0,0,0,0,0,0,0,0,0,0,0,0,0,0,0,0,0,0,0,0,0,0,0,0,0,0,1
154,155,0,35732.246,1,2017,0,0.0,0.0,0,9999.0,9999.0,0,0.0,0,0,0,0,0,0,0,0,0,0,0,0,0,0,0,0,0,0,0,0,0,0,0,0,0,1
155,156,0,35732.246,1,2017,0,0.0,0.0,0,9999.0,9999.0,0,0.0,0,0,0,0,0,0,0,0,0,0,0,0,0,0,0,0,0,0,0,0,0,0,0,0,0,1
156,157,0,35732.246,1,2017,0,0.0,0.0,0,9999.0,9999.0,0,0.0,0,0,0,0,0,0,0,0,0,0,0,0,0,0,0,0,0,0,0,0,0,0,0,0,0,1
157,158,0,35732.246,1,2017,0,0.0,0.0,0,9999.0,9999.0,0,0.0,0,0,0,0,0,0,0,0,0,0,0,0,0,0,0,0,0,0,0,0,0,0,0,0,0,1
158,159,0,35732.246,1,2017,0,0.0,0.0,0,9999.0,9999.0,0,0.0,0,0,0,0,0,0,0,0,0,0,0,0,0,0,0,0,0,0,0,0,0,0,0,0,0,1
159,160,0,35732.246,1,2017,0,0.0,0.0,0,9999.0,9999.0,0,0.0,0,0,0,0,0,0,0,0,0,0,0,0,0,0,0,0,0,0,0,0,0,0,0,0,0,1
160,161,0,35732.246,1,2017,0,0.0,0.0,0,9999.0,9999.0,0,0.0,0,0,0,0,0,0,0,0,0,0,0,0,0,0,0,0,0,0,0,0,0,0,0,0,0,1
161,162,0,35732.246,1,2017,0,0.0,0.0,0,9999.0,9999.0,0,0.0,0,0,0,0,0,0,0,0,0,0,0,0,0,0,0,0,0,0,0,0,0,0,0,0,0,1
162,163,0,35732.246,1,2017,0,0.0,0.0,0,9999.0,9999.0,0,0.0,0,0,0,0,0,0,0,0,0,0,0,0,0,0,0,0,0,0,0,0,0,0,0,0,0,1
163,164,0,35732.246,1,2017,0,0.0,0.0,0,9999.0,9999.0,0,0.0,0,0,0,0,0,0,0,0,0,0,0,0,0,0,0,0,0,0,0,0,0,0,0,0,0,1
164,165,0,35732.246,1,2017,0,0.0,0.0,0,9999.0,9999.0,0,0.0,0,0,0,0,0,0,0,0,0,0,0,0,0,0,0,0,0,0,0,0,0,0,0,0,0,1
165,166,0,35732.246,1,2017,0,0.0,0.0,0,9999.0,9999.0,0,0.0,0,0,0,0,0,0,0,0,0,0,0,0,0,0,0,0,0,0,0,0,0,0,0,0,0,1
166,167,0,35732.246,1,2017,0,0.0,0.0,0,9999.0,9999.0,0,0.0,0,0,0,0,0,0,0,0,0,0,0,0,0,0,0,0,0,0,0,0,0,0,0,0,0,1
167,168,0,35732.246,1,2017,0,0.0,0.0,0,9999.0,9999.0,0,0.0,0,0,0,0,0,0,0,0,0,0,0,0,0,0,0,0,0,0,0,0,0,0,0,0,0,1
168,169,0,35732.246,1,2017,0,0.0,0.0,0,9999.0,0.0,0,0.0,0,0,0,0,0,0,0,0,0,0,0,0,0,0,0,0,0,0,0,0,0,0,0,0,0,1
